label,message
spam,AT&T Free Msg: Your account has been flagged for unusual activity. Review it now at att-support-check.com. Reply STOP to opt out.
spam,AT&T Free Msg: Your account has been flagged for unusual activity. Review it now at att-support-check.com. Reply STOP to opt out.
spam,"Hi, it's AT&T. Your wireless bill is overdue. Avoid service disruption: att.com/billpay-secure Do not ignore this message."
spam,"Hi, it's AT&T. Your wireless bill is overdue. Avoid service disruption: att.com/billpay-secure Do not ignore this message."
spam,AT&T Alert: You qualify for a free iPhone 16 Pro upgrade. Claim now at att-giftcenter.com. Msg&Data rates may apply.
spam,"Hi, it's AT&T. Your wireless bill is overdue. Avoid service disruption: att.com/billpay-secure Do not ignore this message."
spam,AT&T Free Msg: Your account has been flagged for unusual activity. Review it now at att-support-check.com. Reply STOP to opt out.
spam,AT&T Free Msg: Your account has been flagged for unusual activity. Review it now at att-support-check.com. Msg&Data rates may apply.
spam,AT&T Free Msg: Your account has been flagged for unusual activity. Review it now at att-support-check.com. Msg&Data rates may apply.
spam,AT&T Alert: You qualify for a free iPhone 16 Pro upgrade. Claim now at att-giftcenter.com.
spam,AT&T Alert: You qualify for a free iPhone 16 Pro upgrade. Claim now at att-giftcenter.com. Msg&Data rates may apply.
spam,"Hi, it's AT&T. Your wireless bill is overdue. Avoid service disruption: att.com/billpay-secure Reply STOP to opt out."
spam,AT&T Free Msg: Your account has been flagged for unusual activity. Review it now at att-support-check.com. Reply STOP to opt out.
spam,"Hi, it's AT&T. Your wireless bill is overdue. Avoid service disruption: att.com/billpay-secure Msg&Data rates may apply."
spam,AT&T Free Msg: Your account has been flagged for unusual activity. Review it now at att-support-check.com. Do not ignore this message.
spam,AT&T Alert: You qualify for a free iPhone 16 Pro upgrade. Claim now at att-giftcenter.com.
spam,AT&T Alert: You qualify for a free iPhone 16 Pro upgrade. Claim now at att-giftcenter.com. Reply STOP to opt out.
spam,AT&T Free Msg: Your account has been flagged for unusual activity. Review it now at att-support-check.com. Do not ignore this message.
spam,AT&T Alert: You qualify for a free iPhone 16 Pro upgrade. Claim now at att-giftcenter.com. Msg&Data rates may apply.
spam,AT&T Free Msg: Your account has been flagged for unusual activity. Review it now at att-support-check.com.
spam,AT&T Free Msg: Your account has been flagged for unusual activity. Review it now at att-support-check.com.
spam,AT&T Free Msg: Your account has been flagged for unusual activity. Review it now at att-support-check.com. Reply STOP to opt out.
spam,"Hi, it's AT&T. Your wireless bill is overdue. Avoid service disruption: att.com/billpay-secure Reply STOP to opt out."
spam,AT&T Alert: You qualify for a free iPhone 16 Pro upgrade. Claim now at att-giftcenter.com.
spam,AT&T Alert: You qualify for a free iPhone 16 Pro upgrade. Claim now at att-giftcenter.com. Do not ignore this message.
spam,"Hi, it's AT&T. Your wireless bill is overdue. Avoid service disruption: att.com/billpay-secure Do not ignore this message."
spam,"Hi, it's AT&T. Your wireless bill is overdue. Avoid service disruption: att.com/billpay-secure Do not ignore this message."
spam,AT&T Alert: You qualify for a free iPhone 16 Pro upgrade. Claim now at att-giftcenter.com. Do not ignore this message.
spam,"Hi, it's AT&T. Your wireless bill is overdue. Avoid service disruption: att.com/billpay-secure"
spam,AT&T Alert: You qualify for a free iPhone 16 Pro upgrade. Claim now at att-giftcenter.com.
spam,AT&T Alert: You qualify for a free iPhone 16 Pro upgrade. Claim now at att-giftcenter.com. Do not ignore this message.
spam,AT&T Free Msg: Your account has been flagged for unusual activity. Review it now at att-support-check.com. Msg&Data rates may apply.
spam,AT&T Alert: You qualify for a free iPhone 16 Pro upgrade. Claim now at att-giftcenter.com. Msg&Data rates may apply.
spam,AT&T Free Msg: Your account has been flagged for unusual activity. Review it now at att-support-check.com. Reply STOP to opt out.
spam,"Hi, it's AT&T. Your wireless bill is overdue. Avoid service disruption: att.com/billpay-secure Do not ignore this message."
spam,AT&T Free Msg: Your account has been flagged for unusual activity. Review it now at att-support-check.com. Reply STOP to opt out.
spam,"Hi, it's AT&T. Your wireless bill is overdue. Avoid service disruption: att.com/billpay-secure"
spam,"Hi, it's AT&T. Your wireless bill is overdue. Avoid service disruption: att.com/billpay-secure Do not ignore this message."
spam,"Hi, it's AT&T. Your wireless bill is overdue. Avoid service disruption: att.com/billpay-secure"
spam,AT&T Alert: You qualify for a free iPhone 16 Pro upgrade. Claim now at att-giftcenter.com.
spam,Your iCloud has been suspended due to suspicious activity. Restore access at apple-restore-secure.net Reply STOP to opt out.
spam,"Apple Pay declined a $429 charge. If this wasn't you, call 1-800-APPLE-ID immediately. Reply STOP to opt out."
spam,Apple Security Alert: Suspicious sign-in attempt from an unrecognized device. Visit appleid-lock.com to secure your account. Msg&Data rates may apply.
spam,Your iCloud has been suspended due to suspicious activity. Restore access at apple-restore-secure.net Do not ignore this message.
spam,"Apple Pay declined a $429 charge. If this wasn't you, call 1-800-APPLE-ID immediately."
spam,Your iCloud has been suspended due to suspicious activity. Restore access at apple-restore-secure.net Do not ignore this message.
spam,"Apple Pay declined a $429 charge. If this wasn't you, call 1-800-APPLE-ID immediately. Msg&Data rates may apply."
spam,"Apple Pay declined a $429 charge. If this wasn't you, call 1-800-APPLE-ID immediately. Reply STOP to opt out."
spam,"Apple Pay declined a $429 charge. If this wasn't you, call 1-800-APPLE-ID immediately. Reply STOP to opt out."
spam,Apple Security Alert: Suspicious sign-in attempt from an unrecognized device. Visit appleid-lock.com to secure your account.
spam,"Apple Pay declined a $429 charge. If this wasn't you, call 1-800-APPLE-ID immediately. Do not ignore this message."
spam,Your iCloud has been suspended due to suspicious activity. Restore access at apple-restore-secure.net
spam,"Apple Pay declined a $429 charge. If this wasn't you, call 1-800-APPLE-ID immediately."
spam,Your iCloud has been suspended due to suspicious activity. Restore access at apple-restore-secure.net Msg&Data rates may apply.
spam,Apple Security Alert: Suspicious sign-in attempt from an unrecognized device. Visit appleid-lock.com to secure your account. Reply STOP to opt out.
spam,Apple Security Alert: Suspicious sign-in attempt from an unrecognized device. Visit appleid-lock.com to secure your account.
spam,"Apple Pay declined a $429 charge. If this wasn't you, call 1-800-APPLE-ID immediately. Do not ignore this message."
spam,"Apple Pay declined a $429 charge. If this wasn't you, call 1-800-APPLE-ID immediately."
spam,Apple Security Alert: Suspicious sign-in attempt from an unrecognized device. Visit appleid-lock.com to secure your account. Msg&Data rates may apply.
spam,"Apple Pay declined a $429 charge. If this wasn't you, call 1-800-APPLE-ID immediately. Do not ignore this message."
spam,Apple Security Alert: Suspicious sign-in attempt from an unrecognized device. Visit appleid-lock.com to secure your account. Msg&Data rates may apply.
spam,"Apple Pay declined a $429 charge. If this wasn't you, call 1-800-APPLE-ID immediately. Msg&Data rates may apply."
spam,Your iCloud has been suspended due to suspicious activity. Restore access at apple-restore-secure.net Msg&Data rates may apply.
spam,Apple Security Alert: Suspicious sign-in attempt from an unrecognized device. Visit appleid-lock.com to secure your account. Reply STOP to opt out.
spam,Apple Security Alert: Suspicious sign-in attempt from an unrecognized device. Visit appleid-lock.com to secure your account. Do not ignore this message.
spam,Apple Security Alert: Suspicious sign-in attempt from an unrecognized device. Visit appleid-lock.com to secure your account. Reply STOP to opt out.
spam,"Apple Pay declined a $429 charge. If this wasn't you, call 1-800-APPLE-ID immediately. Do not ignore this message."
spam,Apple Security Alert: Suspicious sign-in attempt from an unrecognized device. Visit appleid-lock.com to secure your account. Reply STOP to opt out.
spam,"Apple Pay declined a $429 charge. If this wasn't you, call 1-800-APPLE-ID immediately. Reply STOP to opt out."
spam,"Apple Pay declined a $429 charge. If this wasn't you, call 1-800-APPLE-ID immediately. Do not ignore this message."
spam,"Apple Pay declined a $429 charge. If this wasn't you, call 1-800-APPLE-ID immediately. Do not ignore this message."
spam,"Apple Pay declined a $429 charge. If this wasn't you, call 1-800-APPLE-ID immediately. Do not ignore this message."
spam,"Apple Pay declined a $429 charge. If this wasn't you, call 1-800-APPLE-ID immediately. Reply STOP to opt out."
spam,Apple Security Alert: Suspicious sign-in attempt from an unrecognized device. Visit appleid-lock.com to secure your account. Reply STOP to opt out.
spam,Your iCloud has been suspended due to suspicious activity. Restore access at apple-restore-secure.net
spam,Apple Security Alert: Suspicious sign-in attempt from an unrecognized device. Visit appleid-lock.com to secure your account. Reply STOP to opt out.
spam,Apple Security Alert: Suspicious sign-in attempt from an unrecognized device. Visit appleid-lock.com to secure your account. Do not ignore this message.
spam,Apple Security Alert: Suspicious sign-in attempt from an unrecognized device. Visit appleid-lock.com to secure your account.
spam,Apple Security Alert: Suspicious sign-in attempt from an unrecognized device. Visit appleid-lock.com to secure your account. Reply STOP to opt out.
spam,"Apple Pay declined a $429 charge. If this wasn't you, call 1-800-APPLE-ID immediately. Reply STOP to opt out."
spam,Final Reminder: You have unpaid tolls. Payment required to avoid legal escalation: fastrak.gov-payment.com Msg&Data rates may apply.
spam,Final Reminder: You have unpaid tolls. Payment required to avoid legal escalation: fastrak.gov-payment.com Do not ignore this message.
spam,Final Reminder: You have unpaid tolls. Payment required to avoid legal escalation: fastrak.gov-payment.com Msg&Data rates may apply.
spam,FasTrak Violation Notice: Pay $43.25 now to avoid late fees. Click https://fastrak-tolls-review.org/us
spam,FasTrak Violation Notice: Pay $43.25 now to avoid late fees. Click https://fastrak-tolls-review.org/us
spam,Final Reminder: You have unpaid tolls. Payment required to avoid legal escalation: fastrak.gov-payment.com Reply STOP to opt out.
spam,FasTrak Violation Notice: Pay $43.25 now to avoid late fees. Click https://fastrak-tolls-review.org/us
spam,Final Reminder: You have unpaid tolls. Payment required to avoid legal escalation: fastrak.gov-payment.com
spam,Final Reminder: You have unpaid tolls. Payment required to avoid legal escalation: fastrak.gov-payment.com Do not ignore this message.
spam,FasTrak Violation Notice: Pay $43.25 now to avoid late fees. Click https://fastrak-tolls-review.org/us Do not ignore this message.
spam,FasTrak Violation Notice: Pay $43.25 now to avoid late fees. Click https://fastrak-tolls-review.org/us
spam,FasTrak Violation Notice: Pay $43.25 now to avoid late fees. Click https://fastrak-tolls-review.org/us
spam,FasTrak Violation Notice: Pay $43.25 now to avoid late fees. Click https://fastrak-tolls-review.org/us Reply STOP to opt out.
spam,FasTrak Violation Notice: Pay $43.25 now to avoid late fees. Click https://fastrak-tolls-review.org/us
spam,Final Reminder: You have unpaid tolls. Payment required to avoid legal escalation: fastrak.gov-payment.com
spam,Final Reminder: You have unpaid tolls. Payment required to avoid legal escalation: fastrak.gov-payment.com Msg&Data rates may apply.
spam,Final Reminder: You have unpaid tolls. Payment required to avoid legal escalation: fastrak.gov-payment.com Do not ignore this message.
spam,Final Reminder: You have unpaid tolls. Payment required to avoid legal escalation: fastrak.gov-payment.com Reply STOP to opt out.
spam,FasTrak Violation Notice: Pay $43.25 now to avoid late fees. Click https://fastrak-tolls-review.org/us
spam,Final Reminder: You have unpaid tolls. Payment required to avoid legal escalation: fastrak.gov-payment.com Reply STOP to opt out.
spam,Final Reminder: You have unpaid tolls. Payment required to avoid legal escalation: fastrak.gov-payment.com Msg&Data rates may apply.
spam,Final Reminder: You have unpaid tolls. Payment required to avoid legal escalation: fastrak.gov-payment.com Msg&Data rates may apply.
spam,FasTrak Violation Notice: Pay $43.25 now to avoid late fees. Click https://fastrak-tolls-review.org/us
spam,FasTrak Violation Notice: Pay $43.25 now to avoid late fees. Click https://fastrak-tolls-review.org/us
spam,FasTrak Violation Notice: Pay $43.25 now to avoid late fees. Click https://fastrak-tolls-review.org/us
spam,FasTrak Violation Notice: Pay $43.25 now to avoid late fees. Click https://fastrak-tolls-review.org/us
spam,Final Reminder: You have unpaid tolls. Payment required to avoid legal escalation: fastrak.gov-payment.com Msg&Data rates may apply.
spam,Final Reminder: You have unpaid tolls. Payment required to avoid legal escalation: fastrak.gov-payment.com Msg&Data rates may apply.
spam,FasTrak Violation Notice: Pay $43.25 now to avoid late fees. Click https://fastrak-tolls-review.org/us Reply STOP to opt out.
spam,FasTrak Violation Notice: Pay $43.25 now to avoid late fees. Click https://fastrak-tolls-review.org/us Do not ignore this message.
spam,Final Reminder: You have unpaid tolls. Payment required to avoid legal escalation: fastrak.gov-payment.com
spam,FasTrak Violation Notice: Pay $43.25 now to avoid late fees. Click https://fastrak-tolls-review.org/us
spam,FasTrak Violation Notice: Pay $43.25 now to avoid late fees. Click https://fastrak-tolls-review.org/us Reply STOP to opt out.
spam,Final Reminder: You have unpaid tolls. Payment required to avoid legal escalation: fastrak.gov-payment.com Reply STOP to opt out.
spam,FasTrak Violation Notice: Pay $43.25 now to avoid late fees. Click https://fastrak-tolls-review.org/us Reply STOP to opt out.
spam,Final Reminder: You have unpaid tolls. Payment required to avoid legal escalation: fastrak.gov-payment.com Do not ignore this message.
spam,Final Reminder: You have unpaid tolls. Payment required to avoid legal escalation: fastrak.gov-payment.com Msg&Data rates may apply.
spam,FasTrak Violation Notice: Pay $43.25 now to avoid late fees. Click https://fastrak-tolls-review.org/us Reply STOP to opt out.
spam,FasTrak Violation Notice: Pay $43.25 now to avoid late fees. Click https://fastrak-tolls-review.org/us Msg&Data rates may apply.
spam,FasTrak Violation Notice: Pay $43.25 now to avoid late fees. Click https://fastrak-tolls-review.org/us Msg&Data rates may apply.
spam,Congratulations! You've been selected for a remote data entry position. Earn $300/day. Text JOB to +18456230912. Msg&Data rates may apply.
spam,Congratulations! You've been selected for a remote data entry position. Earn $300/day. Text JOB to +18456230912. Reply STOP to opt out.
spam,Congratulations! You've been selected for a remote data entry position. Earn $300/day. Text JOB to +18456230912. Reply STOP to opt out.
spam,"Hello, this is Meta Recruitment. We're hiring remote staff for $800–$1500 weekly. WhatsApp us now."
spam,Congratulations! You've been selected for a remote data entry position. Earn $300/day. Text JOB to +18456230912.
spam,Congratulations! You've been selected for a remote data entry position. Earn $300/day. Text JOB to +18456230912. Msg&Data rates may apply.
spam,"Hello, this is Meta Recruitment. We're hiring remote staff for $800–$1500 weekly. WhatsApp us now. Msg&Data rates may apply."
spam,Urgent Hiring: Amazon is hiring for part-time home-based roles. Apply at work4amazon.today
spam,Urgent Hiring: Amazon is hiring for part-time home-based roles. Apply at work4amazon.today Do not ignore this message.
spam,"Hello, this is Meta Recruitment. We're hiring remote staff for $800–$1500 weekly. WhatsApp us now. Do not ignore this message."
spam,Congratulations! You've been selected for a remote data entry position. Earn $300/day. Text JOB to +18456230912. Do not ignore this message.
spam,Urgent Hiring: Amazon is hiring for part-time home-based roles. Apply at work4amazon.today Do not ignore this message.
spam,Urgent Hiring: Amazon is hiring for part-time home-based roles. Apply at work4amazon.today
spam,Urgent Hiring: Amazon is hiring for part-time home-based roles. Apply at work4amazon.today Reply STOP to opt out.
spam,Urgent Hiring: Amazon is hiring for part-time home-based roles. Apply at work4amazon.today
spam,"Hello, this is Meta Recruitment. We're hiring remote staff for $800–$1500 weekly. WhatsApp us now. Msg&Data rates may apply."
spam,Urgent Hiring: Amazon is hiring for part-time home-based roles. Apply at work4amazon.today Msg&Data rates may apply.
spam,Congratulations! You've been selected for a remote data entry position. Earn $300/day. Text JOB to +18456230912. Msg&Data rates may apply.
spam,"Hello, this is Meta Recruitment. We're hiring remote staff for $800–$1500 weekly. WhatsApp us now. Do not ignore this message."
spam,"Hello, this is Meta Recruitment. We're hiring remote staff for $800–$1500 weekly. WhatsApp us now. Do not ignore this message."
spam,Urgent Hiring: Amazon is hiring for part-time home-based roles. Apply at work4amazon.today
spam,Congratulations! You've been selected for a remote data entry position. Earn $300/day. Text JOB to +18456230912. Do not ignore this message.
spam,Urgent Hiring: Amazon is hiring for part-time home-based roles. Apply at work4amazon.today Msg&Data rates may apply.
spam,Urgent Hiring: Amazon is hiring for part-time home-based roles. Apply at work4amazon.today
spam,"Hello, this is Meta Recruitment. We're hiring remote staff for $800–$1500 weekly. WhatsApp us now."
spam,"Hello, this is Meta Recruitment. We're hiring remote staff for $800–$1500 weekly. WhatsApp us now."
spam,Urgent Hiring: Amazon is hiring for part-time home-based roles. Apply at work4amazon.today Do not ignore this message.
spam,Congratulations! You've been selected for a remote data entry position. Earn $300/day. Text JOB to +18456230912. Do not ignore this message.
spam,"Hello, this is Meta Recruitment. We're hiring remote staff for $800–$1500 weekly. WhatsApp us now."
spam,Congratulations! You've been selected for a remote data entry position. Earn $300/day. Text JOB to +18456230912. Reply STOP to opt out.
spam,"Hello, this is Meta Recruitment. We're hiring remote staff for $800–$1500 weekly. WhatsApp us now."
spam,"Hello, this is Meta Recruitment. We're hiring remote staff for $800–$1500 weekly. WhatsApp us now. Reply STOP to opt out."
spam,Urgent Hiring: Amazon is hiring for part-time home-based roles. Apply at work4amazon.today Reply STOP to opt out.
spam,"Hello, this is Meta Recruitment. We're hiring remote staff for $800–$1500 weekly. WhatsApp us now. Do not ignore this message."
spam,Congratulations! You've been selected for a remote data entry position. Earn $300/day. Text JOB to +18456230912. Do not ignore this message.
spam,"Hello, this is Meta Recruitment. We're hiring remote staff for $800–$1500 weekly. WhatsApp us now."
spam,Congratulations! You've been selected for a remote data entry position. Earn $300/day. Text JOB to +18456230912. Do not ignore this message.
spam,"Hello, this is Meta Recruitment. We're hiring remote staff for $800–$1500 weekly. WhatsApp us now. Msg&Data rates may apply."
spam,Congratulations! You've been selected for a remote data entry position. Earn $300/day. Text JOB to +18456230912. Do not ignore this message.
spam,Urgent Hiring: Amazon is hiring for part-time home-based roles. Apply at work4amazon.today Msg&Data rates may apply.
spam,Federal Court Notice: Missed jury duty. Pay fine at us-court-alerts.com within 24 hours to avoid arrest. Do not ignore this message.
spam,DMV Alert: You have an unresolved driving violation. Pay now at dmv-tickets-help.com to avoid suspension. Reply STOP to opt out.
spam,DMV Alert: You have an unresolved driving violation. Pay now at dmv-tickets-help.com to avoid suspension. Msg&Data rates may apply.
spam,DMV Alert: You have an unresolved driving violation. Pay now at dmv-tickets-help.com to avoid suspension.
spam,DMV Alert: You have an unresolved driving violation. Pay now at dmv-tickets-help.com to avoid suspension. Reply STOP to opt out.
spam,DMV Alert: You have an unresolved driving violation. Pay now at dmv-tickets-help.com to avoid suspension. Msg&Data rates may apply.
spam,IRS Urgent: Tax discrepancy found. Immediate payment required at irs-taxreview.com. Msg&Data rates may apply.
spam,Federal Court Notice: Missed jury duty. Pay fine at us-court-alerts.com within 24 hours to avoid arrest. Do not ignore this message.
spam,Federal Court Notice: Missed jury duty. Pay fine at us-court-alerts.com within 24 hours to avoid arrest. Msg&Data rates may apply.
spam,Federal Court Notice: Missed jury duty. Pay fine at us-court-alerts.com within 24 hours to avoid arrest. Msg&Data rates may apply.
spam,DMV Alert: You have an unresolved driving violation. Pay now at dmv-tickets-help.com to avoid suspension. Do not ignore this message.
spam,IRS Urgent: Tax discrepancy found. Immediate payment required at irs-taxreview.com. Reply STOP to opt out.
spam,DMV Alert: You have an unresolved driving violation. Pay now at dmv-tickets-help.com to avoid suspension. Msg&Data rates may apply.
spam,DMV Alert: You have an unresolved driving violation. Pay now at dmv-tickets-help.com to avoid suspension. Msg&Data rates may apply.
spam,Federal Court Notice: Missed jury duty. Pay fine at us-court-alerts.com within 24 hours to avoid arrest. Reply STOP to opt out.
spam,DMV Alert: You have an unresolved driving violation. Pay now at dmv-tickets-help.com to avoid suspension.
spam,Federal Court Notice: Missed jury duty. Pay fine at us-court-alerts.com within 24 hours to avoid arrest.
spam,DMV Alert: You have an unresolved driving violation. Pay now at dmv-tickets-help.com to avoid suspension.
spam,Federal Court Notice: Missed jury duty. Pay fine at us-court-alerts.com within 24 hours to avoid arrest. Do not ignore this message.
spam,IRS Urgent: Tax discrepancy found. Immediate payment required at irs-taxreview.com.
spam,IRS Urgent: Tax discrepancy found. Immediate payment required at irs-taxreview.com.
spam,IRS Urgent: Tax discrepancy found. Immediate payment required at irs-taxreview.com. Msg&Data rates may apply.
spam,IRS Urgent: Tax discrepancy found. Immediate payment required at irs-taxreview.com. Msg&Data rates may apply.
spam,IRS Urgent: Tax discrepancy found. Immediate payment required at irs-taxreview.com. Reply STOP to opt out.
spam,IRS Urgent: Tax discrepancy found. Immediate payment required at irs-taxreview.com. Reply STOP to opt out.
spam,Federal Court Notice: Missed jury duty. Pay fine at us-court-alerts.com within 24 hours to avoid arrest. Do not ignore this message.
spam,IRS Urgent: Tax discrepancy found. Immediate payment required at irs-taxreview.com. Reply STOP to opt out.
spam,IRS Urgent: Tax discrepancy found. Immediate payment required at irs-taxreview.com. Msg&Data rates may apply.
spam,Federal Court Notice: Missed jury duty. Pay fine at us-court-alerts.com within 24 hours to avoid arrest. Do not ignore this message.
spam,DMV Alert: You have an unresolved driving violation. Pay now at dmv-tickets-help.com to avoid suspension. Reply STOP to opt out.
spam,Federal Court Notice: Missed jury duty. Pay fine at us-court-alerts.com within 24 hours to avoid arrest. Do not ignore this message.
spam,Federal Court Notice: Missed jury duty. Pay fine at us-court-alerts.com within 24 hours to avoid arrest. Msg&Data rates may apply.
spam,IRS Urgent: Tax discrepancy found. Immediate payment required at irs-taxreview.com. Msg&Data rates may apply.
spam,IRS Urgent: Tax discrepancy found. Immediate payment required at irs-taxreview.com. Do not ignore this message.
spam,IRS Urgent: Tax discrepancy found. Immediate payment required at irs-taxreview.com. Reply STOP to opt out.
spam,IRS Urgent: Tax discrepancy found. Immediate payment required at irs-taxreview.com. Reply STOP to opt out.
spam,IRS Urgent: Tax discrepancy found. Immediate payment required at irs-taxreview.com. Reply STOP to opt out.
spam,IRS Urgent: Tax discrepancy found. Immediate payment required at irs-taxreview.com. Do not ignore this message.
spam,IRS Urgent: Tax discrepancy found. Immediate payment required at irs-taxreview.com. Reply STOP to opt out.
spam,IRS Urgent: Tax discrepancy found. Immediate payment required at irs-taxreview.com. Reply STOP to opt out.
